<?xml version="1.0"?>
<!DOCTYPE hibernate-mapping PUBLIC "-//Hibernate/Hibernate Mapping DTD 3.0//EN"
"http://hibernate.sourceforge.net/hibernate-mapping-3.0.dtd">
<!-- Generated Jul 8, 2007 8:16:01 PM by Hibernate Tools 3.2.0.b9 -->
<hibernate-mapping>
    <class name="Knight" table="knights">
        <id name="id" type="long">
            <column name="knight_id" />
            <generator class="assigned" />
        </id>
        <property name="name" type="java.lang.String">
            <column name="name" not-null="true">
            </column>
        </property>
        <property name="numDragonsSlain" type="int">
            <column name="dragon_count" not-null="true">
            </column>
        </property>
        <set name="swords" inverse="true">
            <key>
                <column name="assignee">
                </column>
            </key>
            <one-to-many class="Sword" />
        </set>
    </class>
</hibernate-mapping>
