<?xml version="1.0"?>
<!DOCTYPE hibernate-mapping PUBLIC "-//Hibernate/Hibernate Mapping DTD 3.0//EN"
"http://hibernate.sourceforge.net/hibernate-mapping-3.0.dtd">
<!-- Generated Jul 8, 2007 8:16:01 PM by Hibernate Tools 3.2.0.b9 -->
<hibernate-mapping>
    <class name="Sword" table="sword_inventory">
        <id name="serialNumber" type="java.lang.String">
            <column name="serial_number" length="12" />
            <generator class="assigned" />
        </id>
        <property name="manufacturer" type="java.lang.String">
            <column name="manufacturer" not-null="true">
            </column>
        </property>
        <many-to-one name="knight" class="Knight" fetch="select">
            <column name="assignee">
            </column>
        </many-to-one>
    </class>
</hibernate-mapping>
