<?xml version="1.0"?>
<!DOCTYPE hibernate-mapping PUBLIC "-//Hibernate/Hibernate Mapping DTD 3.0//EN"
"http://hibernate.sourceforge.net/hibernate-mapping-3.0.dtd">
<!-- Generated Oct 18, 2007 5:27:28 AM by Hibernate Tools 3.2.0.b9 -->
<hibernate-mapping>
    <class name="Knight" table="knights" catalog="round_table_hibernate_unconventional_dev">
        <comment></comment>
        <id name="id" type="long">
            <column name="knight_id" />
            <generator class="assigned" />
        </id>
        <property name="name" type="java.lang.String">
            <column name="name" not-null="true">
                <comment></comment>
            </column>
        </property>
        <property name="numDragonsSlain" type="long">
            <column name="dragon_count" not-null="true">
                <comment></comment>
            </column>
        </property>
        <set name="swords" inverse="true">
            <key>
                <column name="assignee">
                    <comment></comment>
                </column>
            </key>
            <one-to-many class="Sword" />
        </set>
    </class>
</hibernate-mapping>
