<?xml version="1.0"?>
<!DOCTYPE hibernate-mapping PUBLIC "-//Hibernate/Hibernate Mapping DTD 3.0//EN"
"http://hibernate.sourceforge.net/hibernate-mapping-3.0.dtd">
<!-- Generated Oct 18, 2007 5:27:28 AM by Hibernate Tools 3.2.0.b9 -->
<hibernate-mapping>
    <class name="Sword" table="sword_inventory" catalog="round_table_hibernate_unconventional_dev">
        <comment></comment>
        <id name="serialNumber" type="java.lang.String">
            <column name="serial_number" length="12" />
            <generator class="assigned" />
        </id>
        <many-to-one name="knight" class="Knight" fetch="select">
            <column name="assignee">
                <comment></comment>
            </column>
        </many-to-one>
        <property name="manufacturer" type="java.lang.String">
            <column name="manufacturer" not-null="true">
                <comment></comment>
            </column>
        </property>
    </class>
</hibernate-mapping>
